Workbook

Sheet Risk points
B2: AMO | G2: Next Expiry Date | H2: =IF(C2<>"",VLOOKUP(C2,AMO!B2:F203,4,FALSE),"") | L2: File Rev | M2: 5
G3: PMI | H3: =IF(C2<>"",VLOOKUP(C2,AMO!B2:F203,5,FALSE),"")
B4: AWI | C4: =IF(C2<>"",RIGHT(VLOOKUP(C2,AMO!B2:F203,2,FALSE),3),"") | G4: Highest Rating | H4: =IF(C2<>"",VLOOKUP(C2,AMO!B2:F203,3,FALSE),"")
B6: CATEGORY | C6: FACTOR | D6: SCORE | F6: SCORE (S) | G6: WEIGHTAGE (W) | H6: TIER POINTS (S X W) | I6: REMARKS | K6: =Sheet1!C2&" - "&Sheet1!D2 -> 226 - 300 | L6: Low Tier 3 | M6: Low Tier 3 | N6: High Tier 3 | O6: High Tier 3
D7: 1 (Most Desirable) | E7: 3 (Least Desirable) | K7: =Sheet1!C3&" - "&Sheet1!D3 -> 150 - 225 | L7: Low Tier 2 | M7: High Tier 2 | N7: Low Tier 3 | O7: High Tier 3
B8: ORGANISATIONAL SCOPE & STRATEGY | C8: Number of 'C' and 'D' ratings held by the SAR-145 AMO | D8: <3 | E8: ≥3 | G8: 5 | H8: =IF(F8=0,"",F8*G8) | K8: =Sheet1!C4&" - "&Sheet1!D4 -> 126 - 149 | L8: High Tier 1 | M8: Low Tier 2 | N8: High Tier 2 | O8: Low Tier 3
C9: Approved facility location within one city at home base only | D9: YES | E9: NO | G9: 12 | H9: =IF(F9=0,"",F9*G9) | K9: =Sheet1!C5&" - "&Sheet1!D5 -> 100 - 125 | L9: Low Tier 1 | M9: High Tier 1 | N9: Low Tier 2 | O9: High Tier 2
C10: Relocation / Merger (between 2 existing SAR-145 AMOs) | D10: NO | E10: YES | G10: 5 | H10: =IF(F10=0,"",F10*G10) | L10: MD | M10: A1 (LM), C < 5, D1, D2 | N10: C ≥ 5 | O10: A1 (BM), A2 (BM), B
C11: OEM linked / designated MRO | D11: YES | E11: NO | G11: 8 | H11: =IF(F11=0,"",F11*G11)
B12: RESOURCES | C12: Approved sub-contractor | D12: NO | E12: YES | G12: 8 | H12: =IF(F12=0,"",F12*G12) | K12: Scoring to be reviewed by Dy Heads | M12: =IF(OR(H23="",C2=""),"",IF(OR(Sheet1!T3="True",Sheet1!T4="True",Sheet1!T5="True"),"Yes","No"))
C13: Newly Approved certifying staff (include privilege extension) | D13: <8 | E13: ≥8 added or privilege extended, or AMO has 1 certifying staff only | G13: 9 | H13: =IF(F13=0,"",F13*G13)
C14: Quality Manager experience | D14: >7 years in QA & aviation industry | E14: <7 years in QA & aviation industry | G14: 6 | H14: =IF(F14=0,"",F14*G14)
C15: Change of key management personnel (Accountable Manager / Quality Manager) | D15: No change or 1 changed once in calendar year | E15: >1 changed in calendar year, or >1 change within 3 months | G15: 3 | H15: =IF(F15=0,"",F15*G15)
B16: OVERSIGHT/ SURVEILLANCE | C16: Any L1 audit finding from CAAS (time frame as specified below) | D16: NO | E16: YES | G16: 2 | H16: =IF(F16=0,"",F16*G16)
C17: Number of L2 audit finding from CAAS (time frame as specified below) | D17: <1 | E17: ≥1 | G17: 14 | H17: =IF(F17=0,"",F17*G17)
B18: COMPLIANCE/ MATURITY | C18: Years certified with SAR-145 | D18: >3 years | E18: <3 years | G18: 2 | H18: =IF(F18=0,"",F18*G18)
C19: Response to audit finding(s) within stipulated time | D19: YES | E19: NO | G19: 1 | H19: =IF(F19=0,"",F19*G19)
C20: Effective implementation of corrective actions | D20: YES | E20: NO | G20: 11 | H20: =IF(F20=0,"",F20*G20)
C21: Missed notification to CAAS (SAR145.85) or Missed mandatory occurrence reporting to CAAS | D21: NO | E21: YES | G21: 2 | H21: =IF(F21=0,"",F21*G21)
C22: Anonymous letter / Whistle blowing received / External Investigation and allegation deemed to be valid | D22: NO | E22: YES | G22: 12 | H22: =IF(F22=0,"",F22*G22)
B23: TOTAL TIER POINTS FOR AMO BETWEEN 01 SEP 2024 TO 31 AUG 2025 | G23: =SUM(G8:G22) -> 100 | H23: =IF(OR(ISBLANK(F8),ISBLANK(F9),ISBLANK(F10),ISBLANK(F11),ISBLANK(F12),ISBLANK(F13),ISBLANK(F14),ISBLANK(F15),ISBLANK(F16),ISBLANK(F17),ISBLANK(F18),ISBLANK(F19),ISBLANK(F20),ISBLANK(F21),ISBLANK(F22)),"",SUM(H8:H22))
B26: Quantitative Analysis | C26: Tier based on Tier Points | D26: =Sheet1!F9 -> #N/A
B29: Qualitative Analysis | C29: Tier based on PMI's assessment
C32: Reason for upgrade / downgrade
C37: Final Tier | E37: Final Tier to be filled by: | G37: PMI | H37: Dy Heads

Sheet Guidance Questions
A2: No. | B2: Guidance Questions
A3: 1 | B3: What is the product risk? Are they maintaining aircraft, engines, landing gears, flight controls, components that affect flight controls, NDT, special processes, cargo items or cabin items?
A4: 2 | B4: How’s the senior management‘s attitude towards safety culture and quality system?
A5: 3 | B5: How’s the Quality Manager’s responsiveness to CAAS?
A6: 4 | B6: Is the Quality Manager, and his quality team members, able to demonstrate independence?
A7: 5 | B7: Does the organization always submit timely and good quality applications?
A8: 6 | B8: Is the approved facility visually congested, or the layout well planned and orderly? Is there any environmentally uncomfortable feeling, or the environment is very suitable for the scheduled maintenance activities within the facility?
A9: 7 | B9: How mature is their SMS implementation based on our SMS assessment?
A10: 8 | B10: Does the organization have difficulty meeting the SAR-145 requirements, or are they generally on top of the situation (despite the occasional findings)?
A11: 9 | B11: When there’s no ARC released for the year, are they ready to release any when there is a need?
A12: 10 | B12: Are there any changes to the product range or ratings which could affect the product risk?
A13: 11 | B13: Are there any significant finding during our audits?
A14: 12 | B14: Are there any COVID-related factors that could have impacted the resources of the organisation?

Sheet Change History
B2: Revision History
B3: Revision Number | C3: Date | D3: Change
B4: 1 | D4: Initial
B5: 2 | C5: 44837 | D5: Added DyH review
B6: 3 | C6: 45146 | D6: 1) Update AMO List 2) Update highest rating formula 3) Update DyH review tolerance to 20% 4) Added description for results 5) Removed "To be decided by Dy Heads" for Final Tier and added auto prompt 6) Corrected cutoff formula in Sheet 1 7) Corrected MD rating formula in Sheet 1 8) Updated formula for "Scoring to be reviewed by Dy Heads" 9) Updated risk matrix highlighting formula
B7: 4 | C7: 45510 | D7: 1) Update AMO List
B8: 5 | C8: 45875 | D8: 1) Update AMO List

Sheet AMO
A1: No. | B1: AMO | C1: AWI | D1: Highest Rating | E1: Expiry Date | F1: PMI | G1: Ratings
A2: 1 | B2: Aar Component Services (Thailand) Ltd. | C2: AWI/243 | D2: =IF(ISNUMBER(SEARCH("A1BM",$G2)),"A1 (BM)",IF(ISNUMBER(SEARCH("A2",$G2)),"A2",IF(ISNUMBER(SEARCH("B",$G2)),"B",IF(AND(ISNUMBER(SEARCH("C",$G2)),LEN($G2)-LEN(SUBSTITUTE($G2,"C",""))>=5),"C ≥ 5",IF(ISNUMBER(SEARCH("A1LM",$G2)),"A1 (LM)",IF(AND(ISNUMBER(SEARCH("C",$G2)),LEN($G2)-LEN(SUBSTITUTE($G2,"C",""))<5),"C < 5",IF(ISNUMBER(SEARCH("MD",$G2)),"MD",IF(ISNUMBER(SEARCH("D",$G2)),"D")))))))) -> C ≥ 5 | E2: 46234 | F2: Soh Sheng Wen | G2: C1, C4, C7, C8, C12, C14, C20
A3: 2 | B3: Acp Metal Finishing Pte Ltd | C3: AWI/204 | D3: =IF(ISNUMBER(SEARCH("A1BM",$G3)),"A1 (BM)",IF(ISNUMBER(SEARCH("A2",$G3)),"A2",IF(ISNUMBER(SEARCH("B",$G3)),"B",IF(AND(ISNUMBER(SEARCH("C",$G3)),LEN($G3)-LEN(SUBSTITUTE($G3,"C",""))>=5),"C ≥ 5",IF(ISNUMBER(SEARCH("A1LM",$G3)),"A1 (LM)",IF(AND(ISNUMBER(SEARCH("C",$G3)),LEN($G3)-LEN(SUBSTITUTE($G3,"C",""))<5),"C < 5",IF(ISNUMBER(SEARCH("MD",$G3)),"MD",IF(ISNUMBER(SEARCH("D",$G3)),"D")))))))) -> D | E3: 45930 | F3: Wong Chew Wah | G3: D1, D2
A4: 3 | B4: Aerocandia Aviation Services Ltd | C4: AWI/416 | D4: =IF(ISNUMBER(SEARCH("A1BM",$G4)),"A1 (BM)",IF(ISNUMBER(SEARCH("A2",$G4)),"A2",IF(ISNUMBER(SEARCH("B",$G4)),"B",IF(AND(ISNUMBER(SEARCH("C",$G4)),LEN($G4)-LEN(SUBSTITUTE($G4,"C",""))>=5),"C ≥ 5",IF(ISNUMBER(SEARCH("A1LM",$G4)),"A1 (LM)",IF(AND(ISNUMBER(SEARCH("C",$G4)),LEN($G4)-LEN(SUBSTITUTE($G4,"C",""))<5),"C < 5",IF(ISNUMBER(SEARCH("MD",$G4)),"MD",IF(ISNUMBER(SEARCH("D",$G4)),"D")))))))) -> A1 (LM) | E4: 46173 | F4: Alvin Leong | G4: A1LM
A5: 4 | B5: Aerospace Component Engineering Services Pte Ltd | C5: AWI/215 | D5: =IF(ISNUMBER(SEARCH("A1BM",$G5)),"A1 (BM)",IF(ISNUMBER(SEARCH("A2",$G5)),"A2",IF(ISNUMBER(SEARCH("B",$G5)),"B",IF(AND(ISNUMBER(SEARCH("C",$G5)),LEN($G5)-LEN(SUBSTITUTE($G5,"C",""))>=5),"C ≥ 5",IF(ISNUMBER(SEARCH("A1LM",$G5)),"A1 (LM)",IF(AND(ISNUMBER(SEARCH("C",$G5)),LEN($G5)-LEN(SUBSTITUTE($G5,"C",""))<5),"C < 5",IF(ISNUMBER(SEARCH("MD",$G5)),"MD",IF(ISNUMBER(SEARCH("D",$G5)),"D")))))))) -> C < 5 | E5: 45961 | F5: Wong Chew Wah | G5: C7, C8, C12, C14, D1
A6: 5 | B6: Aerospace Solutions Enterprises Pte Ltd | C6: AWI/254 | D6: =IF(ISNUMBER(SEARCH("A1BM",$G6)),"A1 (BM)",IF(ISNUMBER(SEARCH("A2",$G6)),"A2",IF(ISNUMBER(SEARCH("B",$G6)),"B",IF(AND(ISNUMBER(SEARCH("C",$G6)),LEN($G6)-LEN(SUBSTITUTE($G6,"C",""))>=5),"C ≥ 5",IF(ISNUMBER(SEARCH("A1LM",$G6)),"A1 (LM)",IF(AND(ISNUMBER(SEARCH("C",$G6)),LEN($G6)-LEN(SUBSTITUTE($G6,"C",""))<5),"C < 5",IF(ISNUMBER(SEARCH("MD",$G6)),"MD",IF(ISNUMBER(SEARCH("D",$G6)),"D")))))))) -> C < 5 | E6: 46234 | F6: Teo Chye Heng | G6: C6, C20
A7: 6 | B7: Ai Engineering Services Limited | C7: AWI/353 | D7: =IF(ISNUMBER(SEARCH("A1BM",$G7)),"A1 (BM)",IF(ISNUMBER(SEARCH("A2",$G7)),"A2",IF(ISNUMBER(SEARCH("B",$G7)),"B",IF(AND(ISNUMBER(SEARCH("C",$G7)),LEN($G7)-LEN(SUBSTITUTE($G7,"C",""))>=5),"C ≥ 5",IF(ISNUMBER(SEARCH("A1LM",$G7)),"A1 (LM)",IF(AND(ISNUMBER(SEARCH("C",$G7)),LEN($G7)-LEN(SUBSTITUTE($G7,"C",""))<5),"C < 5",IF(ISNUMBER(SEARCH("MD",$G7)),"MD",IF(ISNUMBER(SEARCH("D",$G7)),"D")))))))) -> A1 (LM) | E7: 45991 | F7: Soh Sheng Wen | G7: A1LM
A8: 7 | B8: Air Works India Engineering Pvt Ltd Commercial Mro | C8: AWI/273 | D8: =IF(ISNUMBER(SEARCH("A1BM",$G8)),"A1 (BM)",IF(ISNUMBER(SEARCH("A2",$G8)),"A2",IF(ISNUMBER(SEARCH("B",$G8)),"B",IF(AND(ISNUMBER(SEARCH("C",$G8)),LEN($G8)-LEN(SUBSTITUTE($G8,"C",""))>=5),"C ≥ 5",IF(ISNUMBER(SEARCH("A1LM",$G8)),"A1 (LM)",IF(AND(ISNUMBER(SEARCH("C",$G8)),LEN($G8)-LEN(SUBSTITUTE($G8,"C",""))<5),"C < 5",IF(ISNUMBER(SEARCH("MD",$G8)),"MD",IF(ISNUMBER(SEARCH("D",$G8)),"D")))))))) -> A1 (LM) | E8: 45991 | F8: Wong Chew Wah | G8: A1LM
A9: 8 | B9: Airbus | C9: AWI/431 | D9: =IF(ISNUMBER(SEARCH("A1BM",$G9)),"A1 (BM)",IF(ISNUMBER(SEARCH("A2",$G9)),"A2",IF(ISNUMBER(SEARCH("B",$G9)),"B",IF(AND(ISNUMBER(SEARCH("C",$G9)),LEN($G9)-LEN(SUBSTITUTE($G9,"C",""))>=5),"C ≥ 5",IF(ISNUMBER(SEARCH("A1LM",$G9)),"A1 (LM)",IF(AND(ISNUMBER(SEARCH("C",$G9)),LEN($G9)-LEN(SUBSTITUTE($G9,"C",""))<5),"C < 5",IF(ISNUMBER(SEARCH("MD",$G9)),"MD",IF(ISNUMBER(SEARCH("D",$G9)),"D")))))))) -> A1 (BM) | E9: 46234 | F9: Teo Chye Heng | G9: A1BM
A10: 9 | B10: Aircraft Maintenance And Engineering Corporation, Beijing(Ameco) | C10: AWI/277 | D10: =IF(ISNUMBER(SEARCH("A1BM",$G10)),"A1 (BM)",IF(ISNUMBER(SEARCH("A2",$G10)),"A2",IF(ISNUMBER(SEARCH("B",$G10)),"B",IF(AND(ISNUMBER(SEARCH("C",$G10)),LEN($G10)-LEN(SUBSTITUTE($G10,"C",""))>=5),"C ≥ 5",IF(ISNUMBER(SEARCH("A1LM",$G10)),"A1 (LM)",IF(AND(ISNUMBER(SEARCH("C",$G10)),LEN($G10)-LEN(SUBSTITUTE($G10,"C",""))<5),"C < 5",IF(ISNUMBER(SEARCH("MD",$G10)),"MD",IF(ISNUMBER(SEARCH("D",$G10)),"D")))))))) -> A1 (LM) | E10: 46081 | F10: Boo Song Kwang | G10: A1LM
A11: 10 | B11: Airfoil Services Sdn Bhd | C11: AWI/249 | D11: =IF(ISNUMBER(SEARCH("A1BM",$G11)),"A1 (BM)",IF(ISNUMBER(SEARCH("A2",$G11)),"A2",IF(ISNUMBER(SEARCH("B",$G11)),"B",IF(AND(ISNUMBER(SEARCH("C",$G11)),LEN($G11)-LEN(SUBSTITUTE($G11,"C",""))>=5),"C ≥ 5",IF(ISNUMBER(SEARCH("A1LM",$G11)),"A1 (LM)",IF(AND(ISNUMBER(SEARCH("C",$G11)),LEN($G11)-LEN(SUBSTITUTE($G11,"C",""))<5),"C < 5",IF(ISNUMBER(SEARCH("MD",$G11)),"MD",IF(ISNUMBER(SEARCH("D",$G11)),"D")))))))) -> C < 5 | E11: 46022 | F11: Wong Chew Wah | G11: C7
A12: 11 | B12: Ametek Reynosa Service Center | C12: AWI/360 | D12: =IF(ISNUMBER(SEARCH("A1BM",$G12)),"A1 (BM)",IF(ISNUMBER(SEARCH("A2",$G12)),"A2",IF(ISNUMBER(SEARCH("B",$G12)),"B",IF(AND(ISNUMBER(SEARCH("C",$G12)),LEN($G12)-LEN(SUBSTITUTE($G12,"C",""))>=5),"C ≥ 5",IF(ISNUMBER(SEARCH("A1LM",$G12)),"A1 (LM)",IF(AND(ISNUMBER(SEARCH("C",$G12)),LEN($G12)-LEN(SUBSTITUTE($G12,"C",""))<5),"C < 5",IF(ISNUMBER(SEARCH("MD",$G12)),"MD",IF(ISNUMBER(SEARCH("D",$G12)),"D")))))))) -> C < 5 | E12: 46173 | F12: Teo Chye Heng | G12: C7, C12, C13
A13: 12 | B13: Ametek Singapore Pte Ltd | C13: AWI/257 | D13: =IF(ISNUMBER(SEARCH("A1BM",$G13)),"A1 (BM)",IF(ISNUMBER(SEARCH("A2",$G13)),"A2",IF(ISNUMBER(SEARCH("B",$G13)),"B",IF(AND(ISNUMBER(SEARCH("C",$G13)),LEN($G13)-LEN(SUBSTITUTE($G13,"C",""))>=5),"C ≥ 5",IF(ISNUMBER(SEARCH("A1LM",$G13)),"A1 (LM)",IF(AND(ISNUMBER(SEARCH("C",$G13)),LEN($G13)-LEN(SUBSTITUTE($G13,"C",""))<5),"C < 5",IF(ISNUMBER(SEARCH("MD",$G13)),"MD",IF(ISNUMBER(SEARCH("D",$G13)),"D")))))))) -> C ≥ 5 | E13: 46081 | F13: Koh Li Xian | G13: C1, C3, C4, C5, C6, C7, C13, C14, C15, C18
... A171: 167 | B171: Wuhan Hangda Aero Science & Technology Development Co., Ltd. | C171: AWI/409 | D171: =IF(ISNUMBER(SEARCH("A1BM",$G171)),"A1 (BM)",IF(ISNUMBER(SEARCH("A2",$G171)),"A2",IF(ISNUMBER(SEARCH("B",$G171)),"B",IF(AND(ISNUMBER(SEARCH("C",$G171)),LEN($G171)-LEN(SUBSTITUTE($G171,"C",""))>=5),"C ≥ 5",IF(ISNUMBER(SEARCH("A1LM",$G171)),"A1 (LM)",IF(AND(ISNUMBER(SEARCH("C",$G171)),LEN($G171)-LEN(SUBSTITUTE($G171,"C",""))<5),"C < 5",IF(ISNUMBER(SEARCH("MD",$G171)),"MD",IF(ISNUMBER(SEARCH("D",$G171)),"D")))))))) -> C ≥ 5 | E171: 45991 | F171: Fong Weng Khin | G171: C1, C3, C4, C5, C6, C7, C8, C9, C12, C14, C17, C18

Sheet Sheet1
A1: Risk tier | B1: ratings | C1: risk range low | D1: risk range high | E1: Vlookup risk level | G1: Vlookup ratings | K1: DY(H) review
A2: Low Tier 1 | B2: MD | C2: 226 | D2: 300 | E2: =IF(AND('Risk points'!H23>=Sheet1!C2,'Risk points'!H23<=Sheet1!D2),"True","") | F2: =IF(E2="True",4,"") | G2: =IF('Risk points'!H4="","",IF(AND(ISNUMBER(SEARCH('Risk points'!H4,'Risk points'!L10)),'Risk points'!H4<>"D"),"True","")) | H2: =IF(G2="True","1","") | K2: 226 - 300 | Q2: Cutoff | R2: Tolerance | S2: 0.2 | T2: Test
A3: Low Tier 2 | B3: A1 (LM) | C3: 150 | D3: 225 | E3: =IF(AND('Risk points'!H23>=Sheet1!C3,'Risk points'!H23<=Sheet1!D3),"True","") | F3: =IF(E3="True",3,"") | G3: =IF('Risk points'!H4="","",IF(ISNUMBER(SEARCH('Risk points'!H4,'Risk points'!M10)),"True","")) | H3: =IF(G3="True","2","") | K3: 150 - 225 | L3: =IF(AND(VALUE(F6)=3,VALUE(F7)=1),"True","") -> #N/A | M3: =IF(AND(VALUE(F6)=3,VALUE(F7)=2),"True","") -> #N/A | Q3: =ROUNDDOWN(D3-((D3-C3)*$S$2),0) -> 210 | T3: =IF(AND(OR(L3="True",M3="True"),'Risk points'!$H$23>=Sheet1!Q3),"True","") -> #N/A
A4: Low Tier 3 | B4: C < 5 | C4: 126 | D4: 149 | E4: =IF(AND('Risk points'!H23>=Sheet1!C4,'Risk points'!H23<=Sheet1!D4),"True","") | F4: =IF(E4="True",2,"") | G4: =IF('Risk points'!H4="","",IF(ISNUMBER(SEARCH('Risk points'!H4,'Risk points'!N10)),"True","")) | H4: =IF(G4="True","3","") | K4: 126 - 149 | L4: =IF(AND(VALUE(F6)=2,VALUE(F7)=1),"True","") -> #N/A | N4: =IF(AND(VALUE(F6)=2,VALUE(F7)=3),"True","") -> #N/A | Q4: =ROUNDDOWN(D4-((D4-C4)*$S$2),0) -> 144 | T4: =IF(AND(OR(L4="True",N4="True"),'Risk points'!$H$23>=Sheet1!Q4),"True","") -> #N/A
A5: High Tier 1 | B5: D1 | C5: 100 | D5: 125 | E5: =IF(AND('Risk points'!H23>=Sheet1!C5,'Risk points'!H23<=Sheet1!D5),"True","") | F5: =IF(E5="True",1,"") | G5: =IF('Risk points'!H4="","",IF(ISNUMBER(SEARCH('Risk points'!H4,'Risk points'!O10)),"True","")) | H5: =IF(G5="True","4","") | K5: 100 - 125 | M5: =IF(AND(VALUE(F6)=1,VALUE(F7)=2),"True","") -> #N/A | O5: =IF(AND(VALUE(F6)=1,VALUE(F7)=4),"True","") -> #N/A | Q5: =ROUNDDOWN(D5-((D5-C5)*$S$2),0) -> 120 | T5: =IF(AND(OR(M5="True",O5="True"),'Risk points'!$H$23>=Sheet1!Q5),"True","") -> #N/A
A6: High Tier 2 | B6: D2 | E6: Total risk | F6: =VLOOKUP("TRUE",E2:F5,2,FALSE) -> #N/A | G6: Vlookup Taxonomy | L6: MD | M6: A1 (LM), C < 5, D1, D2 | N6: C ≥ 5 | O6: A1 (BM), A2 (BM), B
A7: High Tier 3 | B7: C ≥ 5 | E7: Total Rating | F7: =VLOOKUP("TRUE",G2:H5,2,FALSE) -> #N/A | G7: 2 | H7: Low Tier 1
B8: A1 / 2 (BM) | E8: Grand Total | F8: =F6+F7 -> #N/A | G8: 3 | H8: High Tier 1
B9: B | E9: Cat | F9: =IF(AND(E2="True",G2="True"),"Low Tier 3",VLOOKUP(F8,G7:H13,2,FALSE)) -> #N/A | G9: 4 | H9: Low Tier 2
G10: 5 | H10: High Tier 2
G11: 6 | H11: Low Tier 3
G12: 7 | H12: High Tier 3
G13: 8 | H13: High Tier 3
A22: Location
A23: Filename | B23: =YEAR(TODAY())&"/"&"AWI-"&'Risk points'!C3&".xlsm" -> 2026/AWI-.xlsm

Sheet Sheet2
B2: ACP Metal Finishing Pte Ltd | C2: AWI/204 | D2: D1 | E2: 44834 | F2: Justin Wee
B3: Aero Industries (Singapore) Pte Ltd | C3: AWI/254 | D3: C < 5 | E3: 45138 | F3: Eugene Ng
B4: Aerocandia Aviation Services Ltd | C4: AWI/381 | D4: A1 (LM) | E4: 45077 | F4: Alez Ching
B5: Aerospace Component Engineering Services Pte Ltd | C5: AWI/215 | D5: C < 5 | E5: 44865 | F5: Eugene Ng
B6: AI Engineering Services Limited (AIESL) | C6: AWI/353 | D6: A1 (LM) | E6: 44895 | F6: Justin Wee
B7: Air New Zealand Limited | C7: AWI/292 | D7: A1 (LM) | E7: 45107 | F7: Liew Tong Leng
B8: Air Works India Engineering Pvt Ltd Commercial MRO | C8: AWI/273 | D8: A1 (LM) | E8: 44895 | F8: Fong Weng Khin
B9: Aircraft Maintenance & Engineering Corporation Beijing - Beijing Base | C9: AWI/277 | D9: A1 (LM) | E9: 44985 | F9: Boo Song Kwang
B10: Airfoil Services Sdn Bhd | C10: AWI/249 | D10: C < 5 | E10: 44926 | F10: Boo Song Kwang
B11: Ametek Reynosa Service Center | C11: AWI/360 | D11: C < 5 | E11: 45077 | F11: Eugene Ng
B12: Ametek Singapore Pte Ltd | C12: AWI/257 | D12: C ≥ 5 | E12: 44985 | F12: Boo Song Kwang
B13: Arport Aircraft Maintenance & Engineering (Fujian) Co., Ltd. | C13: AWI/392 | D13: A1 (LM) | E13: 44834 | F13: Boo Song Kwang
... B148: Windsor Airmotive Asia Pte. Ltd. | C148: AWI/106 | D148: C < 5 | E148: 44957 | F148: Boo Song Kwang
